code,system
420,ICD9 Diagnosis
4.209,ICD9 Diagnosis
423.2,ICD9 Diagnosis
I30.0,ICD9 Diagnosis
I30.8,ICD9 Diagnosis
I30.9,ICD9 Diagnosis
I31.1,ICD9 Diagnosis
I31.9,ICD9 Diagnosis
I32,ICD9 Diagnosis
423.9,ICD9 Diagnosis
511.89,ICD9 Diagnosis
511.9,ICD9 Diagnosis
J90,ICD9 Diagnosis
J91.8,ICD9 Diagnosis
J94.2,ICD9 Diagnosis
511,ICD9 Diagnosis
J94.1,ICD9 Diagnosis
J94.8,ICD9 Diagnosis
J94.9,ICD9 Diagnosis
R09.1,ICD9 Diagnosis
785.3,ICD9 Diagnosis
786.51,ICD9 Diagnosis
I31.3,ICD9 Diagnosis
R07.2,ICD9 Diagnosis
R09.89,ICD9 Diagnosis
786.52,ICD9 Diagnosis
786.7,ICD9 Diagnosis
R07.1,ICD9 Diagnosis
R07.81,ICD9 Diagnosis